[
  { "slug": "ho-chi-minh", "name": "Hồ Chí Minh" },
  { "slug": "ha-noi", "name": "Hà Nội" },
  { "slug": "hung-yen", "name": "Hưng Yên" },
  { "slug": "hai-phong", "name": "Hải Phòng" },
  { "slug": "da-nang", "name": "Đà Nẵng" },
  { "slug": "binh-duong", "name": "Bình Dương" },
  { "slug": "khanh-hoa", "name": "Khánh Hòa" },
  { "slug": "dong-nai", "name": "Đồng Nai" },
  { "slug": "ha-giang", "name": "Hà Giang" },
  { "slug": "cao-bang", "name": "Cao Bằng" },
  { "slug": "bac-kan", "name": "Bắc Kạn" },
  { "slug": "tuyen-quang", "name": "Tuyên Quang" },
  { "slug": "lao-cai", "name": "Lào Cai" },
  { "slug": "dien-bien", "name": "Điện Biên" },
  { "slug": "lai-chau", "name": "Lai Châu" },
  { "slug": "son-la", "name": "Sơn La" },
  { "slug": "yen-bai", "name": "Yên Bái" },
  { "slug": "hoa-binh", "name": "Hòa Bình" },
  { "slug": "thai-nguyen", "name": "Thái Nguyên" },
  { "slug": "lang-son", "name": "Lạng Sơn" },
  { "slug": "quang-ninh", "name": "Quảng Ninh" },
  { "slug": "bac-giang", "name": "Bắc Giang" },
  { "slug": "phu-tho", "name": "Phú Thọ" },
  { "slug": "vinh-phuc", "name": "Vĩnh Phúc" },
  { "slug": "bac-ninh", "name": "Bắc Ninh" },
  { "slug": "hai-duong", "name": "Hải Dương" },
  { "slug": "thai-binh", "name": "Thái Bình" },
  { "slug": "ha-nam", "name": "Hà Nam" },
  { "slug": "nam-dinh", "name": "Nam Định" },
  { "slug": "ninh-binh", "name": "Ninh Bình" },
  { "slug": "thanh-hoa", "name": "Thanh Hóa" },
  { "slug": "nghe-an", "name": "Nghệ An" },
  { "slug": "ha-tinh", "name": "Hà Tĩnh" },
  { "slug": "quang-binh", "name": "Quảng Bình" },
  { "slug": "quang-tri", "name": "Quảng Trị" },
  { "slug": "thua-thien-hue", "name": "Thừa Thiên Huế" },
  { "slug": "quang-nam", "name": "Quảng Nam" },
  { "slug": "quang-ngai", "name": "Quảng Ngãi" },
  { "slug": "binh-dinh", "name": "Bình Định" },
  { "slug": "phu-yen", "name": "Phú Yên" },
  { "slug": "ninh-thuan", "name": "Ninh Thuận" },
  { "slug": "binh-thuan", "name": "Bình Thuận" },
  { "slug": "kon-tum", "name": "Kon Tum" },
  { "slug": "gia-lai", "name": "Gia Lai" },
  { "slug": "dak-lak", "name": "Đắk Lắk" },
  { "slug": "dak-nong", "name": "Đắk Nông" },
  { "slug": "lam-dong", "name": "Lâm Đồng" },
  { "slug": "binh-phuoc", "name": "Bình Phước" },
  { "slug": "tay-ninh", "name": "Tây Ninh" },
  { "slug": "ba-ria-vung-tau", "name": "Bà Rịa Vũng Tàu" },
  { "slug": "long-an", "name": "Long An" },
  { "slug": "tien-giang", "name": "Tiền Giang" },
  { "slug": "ben-tre", "name": "Bến Tre" },
  { "slug": "tra-vinh", "name": "Trà Vinh" },
  { "slug": "vinh-long", "name": "Vĩnh Long" },
  { "slug": "dong-thap", "name": "Đồng Tháp" },
  { "slug": "an-giang", "name": "An Giang" },
  { "slug": "kien-giang", "name": "Kiên Giang" },
  { "slug": "can-tho", "name": "Cần Thơ" },
  { "slug": "hau-giang", "name": "Hậu Giang" },
  { "slug": "soc-trang", "name": "Sóc Trăng" },
  { "slug": "bac-lieu", "name": "Bạc Liêu" },
  { "slug": "ca-mau", "name": "Cà Mau" }
]
